name,heat pump,gas boiler
Denmark,52.22499434547807,1.4747329589029319
Sweden,77.59684579173064,6.697721196099349
Norway,63.570095041085274,4.953345406122727
Germany,780.4069541340922,36.96869017478576
